/*
 Navicat Premium Data Transfer

 Source Server         : local
 Source Server Type    : MySQL
 Source Server Version : 50617
 Source Host           : localhost
 Source Database       : yonder_mm

 Target Server Type    : MySQL
 Target Server Version : 50617
 File Encoding         : utf-8

 Date: 03/31/2015 16:39:01 PM
*/

SET NAMES utf8;
SET FOREIGN_KEY_CHECKS = 0;

-- ----------------------------
--  Table structure for `t_dictionary_param`
-- ----------------------------
DROP TABLE IF EXISTS `t_dictionary_param`;
CREATE TABLE `t_dictionary_param` (
  `index_` varchar(50) NOT NULL,
  `value_` varchar(100) DEFAULT NULL,
  `module_` int(11) NOT NULL,
  `create_time_` datetime DEFAULT NULL,
  `modify_time_` datetime DEFAULT NULL,
  PRIMARY KEY (`index_`,`module_`)
) ENGINE=MyISAM DEFAULT CHARSET=utf8;

-- ----------------------------
--  Records of `t_dictionary_param`
-- ----------------------------
BEGIN;
INSERT INTO `t_dictionary_param` VALUES ('100001', '金币', '1', '2014-12-18 09:36:15', '2014-12-18 10:46:40'), ('100002', '钻石', '1', '2014-12-18 09:36:15', '2014-12-18 09:36:15'), ('100003', '声望', '1', '2014-12-18 09:36:15', '2014-12-18 09:36:15'), ('100004', '体力', '1', '2014-12-18 09:36:15', '2014-12-18 09:36:15'), ('100005', '经验', '2', '2014-12-18 09:36:15', '2014-12-18 09:36:15'), ('100', '初级水手手册', '2', '2014-12-18 09:36:15', '2014-12-18 09:36:15'), ('101', '高级水手手册', '2', '2014-12-18 09:36:15', '2014-12-18 09:36:15'), ('1001', '技能刷新卡', '2', '2014-12-18 09:36:15', '2014-12-18 09:36:15'), ('1002', '酒馆普通刷新卡', '2', '2014-12-18 09:36:15', '2014-12-18 09:36:15'), ('1003', '酒馆高级刷新卡', '2', '2014-12-18 09:36:15', '2014-12-18 09:36:15'), ('1004', '船舱改建卡', '2', '2014-12-18 09:36:15', '2014-12-18 09:36:15'), ('401', '初级强化石', '2', '2014-12-18 09:36:15', '2014-12-18 09:36:15'), ('402', '中级强化石', '2', '2014-12-18 09:36:15', '2014-12-18 09:36:15'), ('403', '高级强化石', '2', '2014-12-18 09:36:15', '2014-12-18 09:36:15'), ('501', '白曜石', '2', '2014-12-18 09:36:15', '2014-12-18 10:52:26'), ('502', '绿曜石', '2', '2014-12-18 09:36:15', '2014-12-18 09:36:15'), ('503', '蓝曜石', '2', '2014-12-18 09:36:15', '2014-12-18 09:36:15'), ('504', '紫曜石', '2', '2014-12-18 09:36:15', '2014-12-18 09:36:15'), ('505', '橙曜石', '2', '2014-12-18 09:36:15', '2014-12-18 09:36:15'), ('651', '1级暴击晶石', '2', '2014-12-18 09:36:15', '2014-12-18 09:36:15'), ('652', '2级暴击晶石', '2', '2014-12-18 09:36:15', '2014-12-18 09:36:15'), ('653', '3级暴击晶石', '2', '2014-12-18 09:36:15', '2014-12-18 09:36:15'), ('654', '4级暴击晶石', '2', '2014-12-18 09:36:15', '2014-12-18 09:36:15'), ('655', '5级暴击晶石', '2', '2014-12-18 09:36:15', '2014-12-18 09:36:15'), ('656', '6级暴击晶石', '2', '2014-12-18 09:36:15', '2014-12-18 09:36:15'), ('661', '1级韧性晶石', '2', '2014-12-18 09:36:15', '2014-12-18 09:36:15'), ('662', '2级韧性晶石', '2', '2014-12-18 09:36:15', '2014-12-18 09:36:15'), ('663', '3级韧性晶石', '2', '2014-12-18 09:36:15', '2014-12-18 09:36:15'), ('664', '4级韧性晶石', '2', '2014-12-18 09:36:15', '2014-12-18 09:36:15'), ('665', '5级韧性晶石', '2', '2014-12-18 09:36:15', '2014-12-18 09:36:15'), ('666', '6级韧性晶石', '2', '2014-12-18 09:36:15', '2014-12-18 09:36:15'), ('671', '1级闪避晶石', '2', '2014-12-18 09:36:15', '2014-12-18 09:36:15'), ('672', '2级闪避晶石', '2', '2014-12-18 09:36:15', '2014-12-18 09:36:15'), ('673', '3级闪避晶石', '2', '2014-12-18 09:36:15', '2014-12-18 09:36:15'), ('674', '4级闪避晶石', '2', '2014-12-18 09:36:15', '2014-12-18 09:36:15'), ('675', '5级闪避晶石', '2', '2014-12-18 09:36:15', '2014-12-18 09:36:15'), ('676', '6级闪避晶石', '2', '2014-12-18 09:36:15', '2014-12-18 09:36:15'), ('681', '1级命中晶石', '2', '2014-12-18 09:36:15', '2014-12-18 09:36:15'), ('682', '2级命中晶石', '2', '2014-12-18 09:36:15', '2014-12-18 09:36:15'), ('683', '3级命中晶石', '2', '2014-12-18 09:36:15', '2014-12-18 09:36:15'), ('684', '4级命中晶石', '2', '2014-12-18 09:36:15', '2014-12-18 09:36:15'), ('685', '5级命中晶石', '2', '2014-12-18 09:36:15', '2014-12-18 09:36:15'), ('686', '6级命中晶石', '2', '2014-12-18 09:36:15', '2014-12-18 09:36:15'), ('1501', '青铜藏宝图', '2', '2014-12-18 09:36:15', '2014-12-18 09:36:15'), ('1502', '黑铁藏宝图', '2', '2014-12-18 09:36:15', '2014-12-18 09:36:15'), ('1503', '白银藏宝图', '2', '2014-12-18 09:36:15', '2014-12-18 09:36:15'), ('1504', '黄金藏宝图', '2', '2014-12-18 09:36:15', '2014-12-18 09:36:15'), ('1611', '白鲨炮进阶书', '2', '2014-12-18 09:36:15', '2014-12-18 09:36:15'), ('1612', '白鲨甲进阶书', '2', '2014-12-18 09:36:15', '2014-12-18 09:36:15'), ('1613', '白鲨帆进阶书', '2', '2014-12-18 09:36:15', '2014-12-18 09:36:15'), ('1614', '白鲨桨进阶书', '2', '2014-12-18 09:36:15', '2014-12-18 09:36:15'), ('1615', '白鲨像进阶书', '2', '2014-12-18 09:36:15', '2014-12-18 09:36:15'), ('1621', '狮鹫炮进阶书', '2', '2014-12-18 09:36:15', '2014-12-18 09:36:15'), ('1622', '狮鹫甲进阶书', '2', '2014-12-18 09:36:15', '2014-12-18 09:36:15'), ('1623', '狮鹫帆进阶书', '2', '2014-12-18 09:36:15', '2014-12-18 09:36:15'), ('1624', '狮鹫桨进阶书', '2', '2014-12-18 09:36:15', '2014-12-18 09:36:15'), ('1625', '狮鹫像进阶书', '2', '2014-12-18 09:36:15', '2014-12-18 09:36:15'), ('1631', '王者炮进阶书', '2', '2014-12-18 09:36:15', '2014-12-18 09:36:15'), ('1632', '王者甲进阶书', '2', '2014-12-18 09:36:15', '2014-12-18 09:36:15'), ('1633', '王者帆进阶书', '2', '2014-12-18 09:36:15', '2014-12-18 09:36:15'), ('1634', '王者桨进阶书', '2', '2014-12-18 09:36:15', '2014-12-18 09:36:15'), ('1635', '王者像进阶书', '2', '2014-12-18 09:36:15', '2014-12-18 09:36:15'), ('1641', '塞壬炮进阶书', '2', '2014-12-18 09:36:15', '2014-12-18 09:36:15'), ('1642', '塞壬甲进阶书', '2', '2014-12-18 09:36:15', '2014-12-18 09:36:15'), ('1643', '塞壬帆进阶书', '2', '2014-12-18 09:36:15', '2014-12-18 09:36:15'), ('1644', '塞壬桨进阶书', '2', '2014-12-18 09:36:15', '2014-12-18 09:36:15'), ('1645', '塞壬像进阶书', '2', '2014-12-18 09:36:15', '2014-12-18 09:36:15'), ('1651', '波塞冬炮进阶书', '2', '2014-12-18 09:36:15', '2014-12-18 09:36:15'), ('1652', '波塞冬甲进阶书', '2', '2014-12-18 09:36:15', '2014-12-18 09:36:15'), ('1653', '波塞冬帆进阶书', '2', '2014-12-18 09:36:15', '2014-12-18 09:36:15'), ('1654', '波塞冬桨进阶书', '2', '2014-12-18 09:36:15', '2014-12-18 09:36:15'), ('1655', '波塞冬像进阶书', '2', '2014-12-18 09:36:15', '2014-12-18 09:36:15'), ('1801', '白鲨精华', '2', '2014-12-18 09:36:15', '2014-12-18 09:36:15'), ('1802', '狮鹫精华', '2', '2014-12-18 09:36:15', '2014-12-18 09:36:15'), ('1803', '王者精华', '2', '2014-12-18 09:36:15', '2014-12-18 09:36:15'), ('1804', '塞壬精华', '2', '2014-12-18 09:36:15', '2014-12-18 09:36:15'), ('1805', '波塞冬精华', '2', '2014-12-18 09:36:15', '2014-12-18 09:36:15'), ('1701', '水晶', '2', '2014-12-18 09:36:15', '2014-12-18 09:36:15'), ('1702', '玄铁', '2', '2014-12-18 09:36:15', '2014-12-18 09:36:15'), ('1703', '神木', '2', '2014-12-18 09:36:15', '2014-12-18 09:36:15'), ('100201', '4星水手信物', '2', '2014-12-18 09:36:15', '2014-12-18 09:36:15'), ('100202', '5星水手信物', '2', '2014-12-18 09:36:15', '2014-12-18 09:36:15'), ('200', '信物', '2', '2014-12-18 09:36:15', '2014-12-18 09:36:15'), ('1005', '理想工作刷新卡', '2', '2014-12-18 09:36:15', '2014-12-18 09:36:15'), ('1006', '角色改名卡', '2', '2014-12-18 09:36:15', '2014-12-18 09:36:15');
COMMIT;

-- ----------------------------
--  Table structure for `t_menu`
-- ----------------------------
DROP TABLE IF EXISTS `t_menu`;
CREATE TABLE `t_menu` (
  `menu_id_` varchar(64) NOT NULL,
  `parent_id_` varchar(64) DEFAULT NULL,
  `level_` int(11) DEFAULT NULL,
  `text_` varchar(50) DEFAULT NULL,
  `href_url_` varchar(100) DEFAULT NULL,
  `target_` varchar(20) DEFAULT NULL,
  `sort_` varchar(10) DEFAULT NULL,
  `icon_` varchar(20) DEFAULT NULL,
  `title_` varchar(50) DEFAULT NULL,
  PRIMARY KEY (`menu_id_`)
) ENGINE=InnoDB DEFAULT CHARSET=utf8;

-- ----------------------------
--  Records of `t_menu`
-- ----------------------------
BEGIN;
INSERT INTO `t_menu` VALUES ('100000', null, '0', '权限管理', null, null, '100000', 'leftico01.png', null), ('100001', '100000', '1', '用户管理', 'web/admin/user/index', 'rightFrame', '100001', null, null), ('100002', '100000', '1', '角色管理', 'web/admin/role/index', 'rightFrame', '100002', null, null), ('200000', null, '0', '游戏管理', null, null, '200000', 'leftico01.png', null), ('200001', '200000', '1', '区服高级管理', 'web/admin/area/index_advanced', 'rightFrame', '200001', null, null), ('200002', '200000', '1', '区服管理', 'web/admin/area/index', 'rightFrame', '200002', null, null), ('200003', '200000', '1', '缓存刷新管理', 'web/admin/refresh/index', 'rightFrame', '200003', null, null), ('300000', null, '0', '系统管理', null, null, '300000', 'leftico01.png', null), ('300001', '300000', '1', '系统参数设置', 'web/admin/system/param/index', 'rightFrame', '300001', null, null), ('300002', '300000', '1', '数据字典管理', 'web/admin/system/dictionary/index', 'rightFrame', '300002', null, null);
COMMIT;

-- ----------------------------
--  Table structure for `t_operate_log`
-- ----------------------------
DROP TABLE IF EXISTS `t_operate_log`;
CREATE TABLE `t_operate_log` (
  `log_id_` varchar(64) NOT NULL,
  `operate_time_` datetime DEFAULT NULL,
  `user_id_` varchar(64) DEFAULT NULL,
  `operate_content_` text,
  `log_ip_` varchar(20) DEFAULT NULL,
  `module_` int(11) DEFAULT NULL,
  PRIMARY KEY (`log_id_`)
) ENGINE=InnoDB DEFAULT CHARSET=utf8;

-- ----------------------------
--  Records of `t_operate_log`
-- ----------------------------

-- ----------------------------
--  Table structure for `t_role`
-- ----------------------------
DROP TABLE IF EXISTS `t_role`;
CREATE TABLE `t_role` (
  `role_id_` varchar(64) NOT NULL,
  `name_` varchar(50) DEFAULT NULL,
  `description_` varchar(100) DEFAULT NULL,
  `create_time_` datetime DEFAULT NULL,
  `modify_time_` datetime DEFAULT NULL,
  `user_id_` varchar(64) DEFAULT NULL,
  PRIMARY KEY (`role_id_`)
) ENGINE=InnoDB DEFAULT CHARSET=utf8;

-- ----------------------------
--  Records of `t_role`
-- ----------------------------
BEGIN;
INSERT INTO `t_role` VALUES ('100000', '超级管理员', '可管理后台整个系统', '2014-12-10 17:36:33', '2014-12-10 17:36:36', null), ('402882374a4ba68c014a4bb1cc9d0001', '默认角色', '每个新用户都默认拥有的角色', '2014-12-15 10:05:51', '2015-03-27 15:05:56', '402881e846e4b3910146e4b8ce6c0004'), ('4028823d4c5a0f82014c5a172b150002', '测试角色', '', '2015-03-27 15:16:50', '2015-03-27 15:16:50', '402881e846e4b3910146e4b8ce6c0004');
COMMIT;

-- ----------------------------
--  Table structure for `t_role_menu`
-- ----------------------------
DROP TABLE IF EXISTS `t_role_menu`;
CREATE TABLE `t_role_menu` (
  `role_id_` varchar(64) NOT NULL,
  `menu_id_` varchar(64) NOT NULL,
  PRIMARY KEY (`role_id_`,`menu_id_`)
) ENGINE=InnoDB DEFAULT CHARSET=utf8;

-- ----------------------------
--  Records of `t_role_menu`
-- ----------------------------
BEGIN;
INSERT INTO `t_role_menu` VALUES ('100000', '100000'), ('100000', '100001'), ('100000', '100002'), ('100000', '200000'), ('100000', '200001'), ('100000', '200002'), ('100000', '200003'), ('100000', '300000'), ('100000', '300001'), ('100000', '300002'), ('402882374a4ba68c014a4bb1cc9d0001', '100000'), ('402882374a4ba68c014a4bb1cc9d0001', '100001'), ('402882374a4ba68c014a4bb1cc9d0001', '200000'), ('402882374a4ba68c014a4bb1cc9d0001', '200001'), ('402882374a4ba68c014a4bb1cc9d0001', '200002'), ('402882374a4ba68c014a4bb1cc9d0001', '200003'), ('402882374a4ba68c014a4bb1cc9d0001', '300000'), ('402882374a4ba68c014a4bb1cc9d0001', '300001'), ('402882374a4ba68c014a4bb1cc9d0001', '300002'), ('4028823d4c5a0f82014c5a172b150002', '200000'), ('4028823d4c5a0f82014c5a172b150002', '200001'), ('4028823d4c5a0f82014c5a172b150002', '200002'), ('4028823d4c5a0f82014c5a172b150002', '200003');
COMMIT;

-- ----------------------------
--  Table structure for `t_server_user`
-- ----------------------------
DROP TABLE IF EXISTS `t_server_user`;
CREATE TABLE `t_server_user` (
  `user_id_` varchar(64) NOT NULL,
  `username_` varchar(50) DEFAULT NULL,
  `assistant_password_` varchar(20) DEFAULT NULL,
  `encrypted_password_` varchar(50) DEFAULT NULL,
  `name_` varchar(50) DEFAULT NULL,
  `phone_` varchar(20) DEFAULT NULL,
  `parent_id_` varchar(64) DEFAULT NULL,
  `create_time_` datetime DEFAULT NULL,
  `modify_time_` datetime DEFAULT NULL,
  `last_login_time_` datetime DEFAULT NULL,
  `status_` int(11) DEFAULT NULL,
  `last_login_ip_` varchar(20) DEFAULT NULL,
  PRIMARY KEY (`user_id_`)
) ENGINE=InnoDB DEFAULT CHARSET=utf8;

-- ----------------------------
--  Records of `t_server_user`
-- ----------------------------
BEGIN;
INSERT INTO `t_server_user` VALUES ('402881e846e4b3910146e4b8ce6c0004', 'admin', 'N1JWWlE=', '83252db5e59c48aa46edcd63a1dae642', '管理员', '18559785980', null, '2014-12-10 11:11:11', '2015-03-27 15:32:39', '2015-03-27 15:49:26', '1', '127.0.0.1'), ('4028823d4c5a0f82014c5a131fbb0001', 'xx', 'S1NPUFc=', '4ab6ac2426a6b9f758d0f583d55f4c46', '薛兴', null, '402881e846e4b3910146e4b8ce6c0004', '2015-03-27 15:12:25', '2015-03-27 15:17:30', '2015-03-27 15:17:21', '1', '127.0.0.1'), ('4028823d4c5a0f82014c5a1ce0ce0003', 'lyf', 'N1dLWE8=', '3ab66efdd5a3b7ecd3b5420baaeef258', '刘永福', '11111111111', '402881e846e4b3910146e4b8ce6c0004', '2015-03-27 15:23:04', '2015-03-27 15:30:29', '2015-03-27 15:30:34', '1', '127.0.0.1');
COMMIT;

-- ----------------------------
--  Table structure for `t_system_param`
-- ----------------------------
DROP TABLE IF EXISTS `t_system_param`;
CREATE TABLE `t_system_param` (
  `param_id_` varchar(20) NOT NULL,
  `name_` varchar(50) DEFAULT NULL,
  `value_` varchar(100) DEFAULT NULL,
  `create_time_` datetime DEFAULT NULL,
  `modify_time_` datetime DEFAULT NULL,
  PRIMARY KEY (`param_id_`)
) ENGINE=InnoDB DEFAULT CHARSET=utf8;

-- ----------------------------
--  Records of `t_system_param`
-- ----------------------------
BEGIN;
INSERT INTO `t_system_param` VALUES ('initPassword', '新用户初始化密码', '123456', '2014-12-18 09:34:22', '2014-12-18 09:42:22');
COMMIT;

-- ----------------------------
--  Table structure for `t_user_role`
-- ----------------------------
DROP TABLE IF EXISTS `t_user_role`;
CREATE TABLE `t_user_role` (
  `user_id_` varchar(64) NOT NULL,
  `role_id_` varchar(64) NOT NULL,
  PRIMARY KEY (`role_id_`,`user_id_`)
) ENGINE=InnoDB DEFAULT CHARSET=utf8;

-- ----------------------------
--  Records of `t_user_role`
-- ----------------------------
BEGIN;
INSERT INTO `t_user_role` VALUES ('402881e846e4b3910146e4b8ce6c0004', '100000'), ('4028823d4c5a0f82014c5a131fbb0001', '402882374a4ba68c014a4bb1cc9d0001'), ('4028823d4c5a0f82014c5a1ce0ce0003', '4028823d4c5a0f82014c5a172b150002');
COMMIT;

SET FOREIGN_KEY_CHECKS = 1;
